sampleID;Plant;Clostero;Polero;Partiti;PILV;CAMV;Population;Timepoint;Genotype;Leaves;Lenght;Width;Leaf area;Plant area;Herbivory;Virotic;Curly;Yellow
1;S2;0;0;0;0;0;3;2;3;8;19,2;1,2;18,0864;144,6912;0;1;1;0
2;S37;0;0;0;0;0;3;2;3;10;17,2;1,4;18,9028;189,028;1;1;0;1
3;S273;0;0;0;0;0;3;2;1;8;16,5;1,3;16,83825;134,706;1;1;0;1
4;S193;0;0;0;0;0;3;2;4;20;16,2;1,5;19,0755;381,51;0;1;1;0
5;S198;0;1;1;0;0;3;2;4;18;16,4;1,7;21,8858;393,9444;1;1;0;0
6;S274;0;0;0;0;0;3;2;1;7;15,5;1,1;13,38425;93,68975;1;0;0;0
7;S87;0;0;0;1;0;3;2;2;NA;NA;NA;NA;NA;1;0;0;0
8;S124;0;0;0;1;0;3;2;2;9;19;1,1;16,4065;147,6585;1;0;0;0
9;S158;0;0;0;1;0;3;2;2;9;22,3;1,2;21,0066;189,0594;1;0;0;0
10;S275;0;0;0;0;0;3;2;1;21;16,3;1,9;24,31145;510,54045;1;1;0;1
11;S179;0;0;0;0;0;3;2;4;13;12,5;1,3;12,75625;165,83125;1;1;0;0
12;S77;0;0;0;0;0;3;2;3;9;14,9;1,1;12,86615;115,79535;1;1;0;0
13;S237;0;0;0;0;0;3;2;4;16;13,6;1,4;14,9464;239,1424;1;0;0;0
14;S111;0;0;0;0;0;3;2;2;20;25,1;1,5;29,55525;591,105;1;0;0;0
16;S302;0;0;0;0;0;3;2;1;7;12;0,9;8,478;59,346;1;1;0;1
17;S76;1;0;0;0;0;3;2;3;14;19,3;1,9;28,78595;403,0033;1;1;0;0
18;S24;0;0;0;0;0;3;2;3;10;16,2;1,1;13,9887;139,887;1;1;0;1
19;S144;1;0;0;1;0;3;2;2;21;21,7;1,3;22,14485;465,04185;1;1;0;1
20;S16;1;0;0;0;0;3;2;3;10;16,6;1,6;20,8496;208,496;1;1;0;0
22;S52;1;0;0;0;0;3;2;3;10;16,2;1,5;19,0755;190,755;1;1;1;0
23;S4;0;0;0;0;0;3;2;3;6;15,2;1,1;13,1252;78,7512;1;1;1;0
24;S70;0;0;0;0;0;3;2;3;9;20,2;2,1;33,2997;299,6973;1;1;0;0
25;S98;1;0;0;1;0;3;2;2;19;25,2;1,6;31,6512;601,3728;1;1;1;1
26;S307;0;0;0;0;0;3;2;1;11;13,3;1,1;11,48455;126,33005;1;1;0;0
27;S82;1;0;0;1;0;3;2;2;20;26;1,8;36,738;734,76;1;0;0;0
28;S261;0;0;0;0;0;3;2;1;16;16,6;0,9;11,7279;187,6464;1;0;0;0
29;S43;1;0;0;0;0;3;2;3;17;13,4;1,1;11,5709;196,7053;1;1;0;0
30;S57;0;0;0;0;0;3;2;3;10;17,9;1,4;19,6721;196,721;1;1;0;0
31;S61;1;0;0;0;0;3;2;3;13;17,1;1,8;24,1623;314,1099;1;1;0;0
32;S97;1;0;0;1;0;3;2;2;17;26,9;1,8;38,0097;646,1649;1;1;0;0
33;S83;1;0;0;1;0;3;2;2;NA;NA;NA;NA;NA;1;0;0;0
34;S40;1;0;0;0;0;3;2;3;9;15,6;1,5;18,369;165,321;1;1;0;0
35;S231;0;0;0;0;0;3;2;4;21;13,2;1,1;11,3982;239,3622;1;0;0;0
36;S65;0;0;0;0;0;3;2;3;9;16;1,8;22,608;203,472;1;1;0;1
37;S99;1;0;0;1;0;3;2;2;30;26,1;1,5;30,73275;921,9825;1;1;1;0
38;S308;0;0;0;0;0;3;2;1;9;14,2;1;11,147;100,323;1;1;0;0
39;S56;1;0;0;0;0;3;2;3;7;12,6;1,1;10,8801;76,1607;1;1;0;0
40;S242;1;0;0;0;0;3;2;1;11;15,9;1,3;16,22595;178,48545;1;1;1;0
41;S232;1;0;0;0;0;3;2;4;15;13,1;1,1;11,31185;169,67775;1;0;0;0
42;S159;1;0;0;1;0;3;2;2;41;22,6;0,9;15,9669;654,6429;1;0;0;0
43;S228;1;0;0;0;0;3;2;4;10;12,6;1;9,891;98,91;1;0;0;0
44;S293;1;0;0;0;0;3;2;1;13;14;0,9;9,891;128,583;1;1;0;0
45;S60;1;0;0;0;0;3;2;3;27;14,9;2,2;25,7323;694,7721;1;1;1;1
46;S3;1;0;0;0;0;3;2;3;10;12,9;1,4;14,1771;141,771;1;1;0;0
47;S119;1;0;0;1;0;3;2;2;22;25,5;1,7;34,02975;748,6545;0;1;1;0
48;S234;0;0;0;0;0;3;2;4;9;10,9;1;8,5565;77,0085;1;1;0;0
49;S215;0;0;1;0;0;3;2;4;7;13,4;1;10,519;73,633;1;0;0;0
50;S132;0;0;1;1;0;3;2;2;11;20,1;1,5;23,66775;260,34525;1;1;0;1
51;S39;0;0;0;0;0;3;2;3;8;13,6;1,1;11,7436;93,9488;1;1;0;0
52;S17;0;0;1;0;0;3;2;3;10;16,4;1,5;19,311;193,11;1;1;0;0
53;S150;NA;NA;NA;1;0;3;2;2;26;19,4;1,1;16,7519;435,5494;1;0;0;0
54;S286;NA;NA;NA;0;0;3;2;1;9;13;1,1;11,2255;101,0295;1;1;1;0
55;S18;0;0;1;0;0;3;2;3;26;13,8;1,9;20,5827;535,1502;1;1;0;0
56;S314;0;0;0;0;0;3;2;1;7;11;0,9;7,7715;54,4005;1;1;0;0
57;S199;0;0;1;1;0;3;2;4;14;18,1;1,6;22,7336;318,2704;1;0;0;0
58;S269;0;0;1;0;0;3;2;1;13;15;1;11,775;153,075;1;1;1;1
59;S96;1;0;1;0;0;3;2;2;16;21,6;1,2;20,3472;325,5552;1;1;0;0
60;S252;0;0;0;0;0;3;2;1;7;12;0,9;8,478;59,346;1;1;0;0
61;S183;0;0;1;0;0;3;2;4;11;14,6;1,1;12,6071;138,6781;1;0;0;0
63;S319;0;0;1;0;0;3;2;1;5;13,2;1;10,362;51,81;1;0;0;0
64;S304;0;1;0;0;0;3;2;1;7;11,5;1,1;9,93025;69,51175;1;0;0;0
65;S292;0;0;0;0;0;3;2;1;13;15,5;1;12,1675;158,1775;1;1;0;0
66;S177;0;0;1;0;0;3;2;4;10;9,6;0,5;3,768;37,68;1;0;0;0
67;S235;NA;NA;NA;0;0;3;2;4;13;13,7;1;10,7545;139,8085;1;0;0;0
68;S208;NA;NA;NA;0;0;3;2;4;18;16,2;1,2;15,2604;274,6872;1;1;0;0
69;S184;0;0;1;0;0;3;2;4;10;16,7;1,3;17,04235;170,4235;1;1;0;0
70;S127;0;0;0;1;0;3;2;2;9;22,7;1,3;23,16535;208,48815;1;1;0;0
71;S142;0;0;1;0;0;3;2;2;19;19,1;1,1;16,49285;313,36415;1;0;0;0
72;S143;0;0;1;1;0;3;2;2;9;21,1;1,5;24,84525;223,60725;0;0;0;0
73;S174;0;0;0;0;0;3;2;4;13;14,4;1,1;12,4344;161,6472;1;1;1;1
74;S153;0;0;0;0;0;3;2;2;22;22;1,4;24,178;531,916;1;1;0;0
75;S209;0;0;0;0;0;3;2;4;25;14,2;1,3;14,4911;362,2775;1;1;0;0
76;S243;0;0;0;0;0;3;2;1;12;11,5;1,7;15,34675;184,161;1;0;0;0
77;S146;0;0;0;1;0;3;2;2;20;24,2;1,5;28,4955;569,91;1;1;0;0
78;S241;1;0;0;0;0;3;2;1;13;14,6;1,2;13,7532;178,7916;1;0;0;0
79;S247;1;0;0;0;0;3;2;1;9;16,2;1,4;17,8038;160,2342;1;0;0;0
80;S83;0;0;0;1;0;3;1;2;NA;NA;NA;NA;NA;1;0;0;0
81;S76;0;0;0;0;0;3;1;3;14;19,3;1,9;28,78595;403,0033;1;1;0;1
82;S269;0;0;0;0;0;3;1;1;13;15;1;11,775;153,075;0;1;0;1
83;S143;0;0;0;0;0;3;1;2;9;21,1;1,5;24,84525;223,60725;1;1;1;0
84;S124;0;0;0;0;0;3;1;2;9;19;1,1;16,4065;147,6585;1;1;1;0
85;S60;0;0;0;0;0;3;1;3;27;14,9;2,2;25,7323;694,7721;1;1;0;1
86;S111;0;0;0;0;0;3;1;2;20;25,1;1,5;29,55525;591,105;1;0;0;0
87;S18;0;0;0;0;0;3;1;3;26;13,8;1,9;20,5827;535,1502;1;1;0;1
88;S142;0;0;0;1;0;3;1;2;19;19,1;1,1;16,49285;313,36415;1;0;0;0
89;S252;0;0;0;0;0;3;1;1;7;12;0,9;8,478;59,346;1;0;0;0
90;S82;0;0;0;1;0;3;1;2;20;26;1,8;36,738;734,76;1;0;0;0
91;S24;0;0;0;0;0;3;1;3;10;16,2;1,1;13,9887;139,887;1;1;0;1
92;S208;0;0;0;0;0;3;1;4;18;16,2;1,2;15,2604;274,6872;1;0;0;0
93;S287;0;0;0;0;0;3;1;1;13;1,6;1,1;1,3816;17,9608;0;1;0;0
94;S314;0;0;0;0;0;3;1;1;7;11;0,9;7,7715;54,4005;0;1;0;1
95;S198;0;0;0;0;0;3;1;4;18;16,4;1,7;21,8858;393,9444;1;0;0;0
96;S99;0;0;0;0;0;3;1;2;30;26,1;1,5;30,73275;921,9825;1;0;0;0
99;S172;0;0;0;0;0;3;1;4;7;15,5;1,3;15,81775;110,72425;1;0;0;0
100;S302;0;0;0;0;0;3;1;1;7;12;0,9;8,478;59,346;0;0;0;0
101;S37;0;0;0;0;0;3;1;3;10;17,2;1,4;18,9028;189,028;1;0;0;0
102;S52;0;0;0;0;0;3;1;3;10;16,2;1,5;19,0755;190,755;0;0;0;0
103;S273;0;0;0;0;0;3;1;1;8;16,5;1,3;16,83825;134,706;1;0;0;0
104;S293;0;0;0;0;0;3;1;1;13;14;0,9;9,891;128,583;1;0;0;0
105;S17;0;0;0;0;0;3;1;3;10;16,4;1,5;19,311;193,11;1;0;0;0
106;S237;0;0;0;0;0;3;1;4;16;13,6;1,4;14,9464;239,1424;1;1;1;0
107;S40;0;0;0;0;0;3;1;3;9;15,6;1,5;18,369;165,321;1;1;0;1
108;S39;0;0;0;0;0;3;1;3;8;13,6;1,1;11,7436;93,9488;1;1;1;0
109;S308;0;0;0;0;0;3;1;1;9;14,2;1;11,147;100,323;1;1;0;1
110;S56;0;0;0;0;0;3;1;3;7;12,6;1,1;10,8801;76,1607;1;0;0;0
111;S144;0;0;0;1;0;3;1;2;21;21,7;1,3;22,14485;465,04185;1;0;0;0
112;S247;0;0;0;0;0;3;1;1;9;16,2;1,4;17,8038;160,2342;1;1;0;1
113;S307;0;0;0;0;0;3;1;1;11;13,3;1,1;11,48455;126,33005;0;0;0;0
114;S16;0;0;0;0;0;3;1;3;10;16,6;1,6;20,8496;208,496;1;1;0;1
115;S177;0;0;0;0;0;3;1;4;10;9,6;0,5;3,768;37,68;1;1;1;0
116;S176;0;0;1;0;0;3;1;4;17;17;1,1;14,6795;249,5515;0;0;0;0
117;S275;0;0;0;0;0;3;1;1;21;16,3;1,9;24,31145;510,54045;1;1;1;0
118;S77;0;0;0;1;0;3;1;3;9;14,9;1,1;12,86615;115,79535;1;0;0;0
119;S153;0;0;1;0;0;3;1;2;22;22;1,4;24,178;531,916;1;1;0;1
120;S319;1;0;0;0;0;3;1;1;5;13,2;1;10,362;51,81;0;0;0;0
121;S119;0;0;0;1;0;3;1;2;22;25,5;1,7;34,02975;748,6545;1;1;0;1
122;S242;1;0;1;0;0;3;1;1;11;15,9;1,3;16,22595;178,48545;1;1;0;1
123;S179;0;0;0;0;0;3;1;4;13;12,5;1,3;12,75625;165,83125;1;1;1;0
124;S274;1;0;1;0;0;3;1;1;7;15,5;1,1;13,38425;93,68975;0;0;0;0
125;S209;0;0;1;0;0;3;1;4;25;14,2;1,3;14,4911;362,2775;1;1;1;0
126;S2;0;0;1;0;0;3;1;3;8;19,2;1,2;18,0864;144,6912;1;0;0;0
127;S243;0;0;0;0;0;3;1;1;12;11,5;1,7;15,34675;184,161;0;0;0;0
128;S234;0;0;1;0;0;3;1;4;9;10,9;1;8,5565;77,0085;1;1;1;0
129;S146;1;0;1;1;0;3;1;2;20;24,2;1,5;28,4955;569,91;1;1;0;1
130;S235;1;0;1;0;0;3;1;4;13;13,7;1;10,7545;139,8085;1;1;1;0
131;S96;1;1;0;1;0;3;1;2;16;21,6;1,2;20,3472;325,5552;1;0;0;0
132;S286;0;0;0;0;0;3;1;1;9;13;1,1;11,2255;101,0295;0;1;0;1
133;S241;0;0;0;0;0;3;1;1;13;14,6;1,2;13,7532;178,7916;1;0;0;0
134;S61;0;0;0;0;0;3;1;3;13;17,1;1,8;24,1623;314,1099;0;0;0;0
135;S132;0;0;1;1;0;3;1;2;11;20,1;1,5;23,66775;260,34525;1;0;0;0
136;S4;0;0;1;0;0;3;1;3;6;15,2;1,1;13,1252;78,7512;1;0;0;0
137;S184;0;0;1;0;0;3;1;4;10;16,7;1,3;17,04235;170,4235;1;1;1;0
138;S231;0;0;1;0;0;3;1;4;21;13,2;1,1;11,3982;239,3622;1;1;1;0
139;S127;0;0;0;0;0;3;1;2;9;22,7;1,3;23,16535;208,48815;0;0;0;0
140;S193;1;0;0;0;0;3;1;4;20;16,2;1,5;19,0755;381,51;1;0;0;0
141;S87;1;0;0;0;0;3;1;2;NA;NA;NA;NA;NA;1;1;0;1
142;S70;1;0;0;0;0;3;1;3;9;20,2;2,1;33,2997;299,6973;1;0;0;0
143;S261;0;0;0;0;0;3;1;1;16;16,6;0,9;11,7279;187,6464;1;0;0;0
144;S159;0;0;0;1;0;3;1;2;41;22,6;0,9;15,9669;654,6429;0;0;0;0
145;S98;0;0;0;1;0;3;1;2;19;25,2;1,6;31,6512;601,3728;1;0;0;0
146;S228;1;0;0;0;0;3;1;4;10;12,6;1;9,891;98,91;0;1;1;0
147;S240;1;0;0;0;0;3;1;4;18;11,1;0,7;6,09945;109,7901;1;1;1;0
148;S3;1;0;0;0;0;3;1;3;10;12,9;1,4;14,1771;141,771;0;1;1;0
149;S304;1;0;0;0;0;3;1;1;7;11,5;1,1;9,93025;69,51175;1;0;0;0
150;S199;1;0;0;0;0;3;1;4;14;18,1;1,6;22,7336;318,2704;1;0;0;0
151;S292;1;0;0;0;0;3;1;1;13;15,5;1;12,1675;158,1775;0;1;0;1
152;S174;1;0;0;0;0;3;1;4;13;14,4;1,1;12,4344;161,6472;1;1;1;0
153;S43;0;0;0;0;0;3;1;3;17;13,4;1,1;11,5709;196,7053;0;1;0;1
154;S65;1;0;0;0;0;3;1;3;9;16;1,8;22,608;203,472;1;0;0;0
155;S97;0;0;0;1;0;3;1;2;17;26,9;1,8;38,0097;646,1649;1;1;1;0
156;S215;0;0;0;0;0;3;1;4;7;13,4;1;10,519;73,633;1;1;1;1
157;S158;1;0;0;1;0;3;1;2;9;22,3;1,2;21,0066;189,0594;0;0;0;0
158;S183;1;0;0;0;0;3;1;4;11;14,6;1,1;12,6071;138,6781;1;0;0;0
159;S57;0;0;0;0;0;3;1;3;10;17,9;1,4;19,6721;196,721;1;0;0;0
160;S232;1;0;0;0;0;3;1;4;15;13,1;1,1;11,31185;169,67775;1;1;1;1
161;S176;0;0;0;0;0;3;2;4;17;17;1,1;14,6795;249,5515;1;1;0;0
162;S150;0;0;0;1;0;3;1;2;26;19,4;1,1;16,7519;435,5494;1;0;0;0
167;S288;0;0;1;0;0;2;1;1;16;14,6;1;11,461;183,376;1;0;0;0
168;S249;0;0;1;0;0;2;1;1;11;12;0,9;8,478;93,258;1;0;0;0
169;S21;0;0;1;1;0;2;1;3;10;18,8;1,5;22,137;221,37;1;0;0;0
170;S79;0;0;1;0;0;2;1;3;11;14,3;1,9;21,32845;234,61295;1;1;0;1
171;S170;0;0;1;1;0;2;1;4;15;13;1,1;11,2255;168,3825;1;0;0;0
172;S214;0;0;1;0;0;2;1;4;12;12;0,8;7,536;90,432;1;0;0;0
173;S268;0;0;1;0;0;2;1;1;9;13,2;1,3;13,4706;121,2354;1;1;0;1
174;S168;0;0;1;0;0;2;1;4;7;9,8;1;7,693;53,851;0;1;0;0
175;S210;1;0;1;1;0;2;1;4;11;11,4;0,6;5,3694;59,0634;1;0;0;0
176;S92;0;0;1;1;0;2;1;2;29;24,5;1,6;30,772;892,388;1;0;0;0
177;S223;0;0;1;1;0;2;1;4;20;11,6;1,1;10,0166;200,332;1;0;0;0
178;S318;0;0;0;0;0;2;1;1;8;13,8;1;10,833;86,664;0;1;0;1
179;S185;0;0;0;0;0;2;1;4;14;14,2;1,3;14,4911;202,8754;1;0;0;0
180;S200;0;0;0;0;0;2;1;4;13;18,5;1,4;20,3315;264,3095;1;0;0;0
181;S272;0;0;1;0;0;2;1;1;14;17,6;1,9;26,2504;367,5056;1;1;0;1
182;S84;1;0;NA;0;0;2;1;2;11;29;1,6;36,424;400,664;1;1;0;0
183;S115;1;0;NA;0;0;2;1;2;9;19,9;1,4;21,8701;196,8309;1;1;0;1
184;S38;0;0;NA;1;0;2;1;3;20;17;1,2;16,014;320,28;0;1;0;1
185;S216;0;0;NA;1;0;2;1;4;15;13,5;1,2;12,717;190,755;1;1;1;0
186;S169;0;0;NA;1;0;2;1;4;13;15,6;1,8;22,0428;286,5564;1;0;0;0
187;S264;0;0;NA;0;0;2;1;1;21;13,2;1,8;18,6516;391,6836;1;0;0;0
188;S112;0;0;NA;1;0;2;1;2;14;20;1,9;29,83;417,62;0;1;1;0
189;S271;1;0;NA;0;1;2;1;1;22;16,1;1,9;24,01315;528,2893;1;0;0;0
190;S224;0;0;1;0;0;2;1;4;27;11,4;1;8,949;241,623;0;0;0;0
191;S305;0;0;0;0;1;2;1;1;11;8,5;0,7;4,67075;51,37825;0;1;0;1
192;S175;0;0;0;0;0;2;1;4;10;12,4;1,3;12,6542;126,542;1;1;0;1
193;S138;1;0;0;0;0;2;1;2;14;15,9;1;12,4815;174,741;1;0;0;0
194;S19;1;0;1;0;0;2;1;3;9;15;1,5;17,6625;158,9625;1;1;0;1
195;S166;0;0;0;0;0;2;1;4;13;14;1;10,99;142,87;1;0;0;0
196;S107;1;0;0;0;0;2;1;2;22;25,1;1,9;37,43665;823,6063;1;1;0;1
197;S34;1;0;1;0;0;2;1;3;11;15,8;1,9;23,5657;259,2227;0;1;0;1
198;S253;0;0;0;0;0;2;1;1;13;15,2;1,1;13,1252;170,6276;0;1;0;1
199;S197;0;0;0;1;0;2;1;4;10;20,5;1,5;24,13875;241,3875;1;0;0;0
200;S109;0;0;1;0;0;2;1;2;33;24,3;1,6;30,5208;1007,1864;1;1;0;1
201;S22;0;0;1;0;0;2;1;3;12;11,4;1,6;14,3184;171,8208;1;0;0;0
202;S289;0;0;1;1;0;2;1;1;12;11;0,9;7,7715;93,258;1;1;0;0
203;S23;0;0;1;0;0;2;1;3;12;13,5;1,3;13,77675;165,321;1;0;0;0
204;S68;0;0;1;0;0;2;1;3;10;12,4;1,3;12,6542;126,542;1;1;1;1
205;S113;0;0;1;1;1;2;1;2;9;23,1;1,4;25,3869;228,4821;1;0;0;0
206;S64;0;0;1;0;0;2;1;3;8;15,7;1,8;22,1841;177,4728;0;0;0;0
207;S91;0;0;1;0;0;2;1;2;21;28;1,5;32,97;692,37;1;0;0;0
208;S69;0;0;1;1;0;2;1;3;17;12,2;2;19,154;325,618;1;0;0;0
209;S154;0;0;0;0;0;2;1;2;33;20,4;1;16,014;528,462;1;1;0;1
210;S101;0;0;1;0;0;2;1;2;27;22,6;1,6;28,3856;766,4112;1;0;0;0
211;S248;0;0;0;1;0;2;1;1;12;16,6;1,4;18,2434;218,9208;0;1;1;0
212;S194;0;0;0;0;0;2;1;4;11;17;1,2;16,014;176,154;1;0;0;0
213;S53;0;0;0;0;0;2;1;3;9;14,3;1,7;19,08335;171,75015;1;1;1;1
214;S6;0;0;0;0;0;2;1;3;9;15,5;1,4;17,0345;153,3105;0;0;0;0
215;S85;0;0;1;0;0;2;1;2;11;26,5;1,5;31,20375;343,24125;1;0;0;0
216;S313;NA;NA;NA;0;0;2;1;1;16;13;1,1;11,2255;179,608;1;0;0;0
217;S283;NA;NA;NA;0;0;2;1;1;NA;13,4;1;10,519;NA;0;0;0;0
218;S41;0;0;0;0;0;2;1;3;9;15,3;1,2;14,4126;129,7134;1;0;0;0
219;S133;0;0;1;1;0;2;1;2;10;18,8;1,8;26,5644;265,644;1;1;0;1
220;S282;0;0;1;0;0;2;2;1;13;11,1;0,9;7,84215;101,94795;0;0;0;0
221;S19;0;0;1;0;0;2;2;3;9;15;1,5;17,6625;158,9625;1;1;0;0
222;S54;0;0;0;0;1;2;2;3;13;14,6;1,1;12,6071;163,8923;1;1;0;0
223;S69;0;0;0;0;0;2;2;3;17;12,2;2;19,154;325,618;0;1;1;1
225;S85;0;0;0;0;0;2;2;2;11;26,5;1,5;31,20375;343,24125;1;0;0;0
227;S22;0;0;0;0;0;2;2;3;12;11,4;1,6;14,3184;171,8208;1;0;0;0
228;S283;0;0;0;0;0;2;2;1;NA;13,4;1;10,519;NA;0;1;1;1
229;S318;0;0;0;0;0;2;2;1;8;13,8;1;10,833;86,664;1;1;1;0
230;S207;0;0;0;0;0;2;2;4;18;13;1,1;11,2255;202,059;1;1;0;0
231;S312;0;0;0;0;0;2;2;1;7;16,8;1,2;15,8256;110,7792;1;0;0;0
232;S84;0;0;0;0;0;2;2;2;11;29;1,6;36,424;400,664;1;0;0;0
233;S271;0;0;0;0;0;2;2;1;22;16,1;1,9;24,01315;528,2893;1;1;1;1
234;S313;0;0;0;0;0;2;2;1;16;13;1,1;11,2255;179,608;1;0;0;0
235;S166;0;0;0;0;0;2;2;4;13;14;1;10,99;142,87;1;1;0;1
236;S170;0;0;0;0;0;2;2;4;15;13;1,1;11,2255;168,3825;1;0;0;0
237;S41;0;0;0;0;0;2;2;3;9;15,3;1,2;14,4126;129,7134;1;1;0;1
238;S160;0;0;0;1;0;2;2;2;16;22,8;1;17,898;286,368;1;0;0;0
239;S113;0;0;0;0;0;2;2;2;9;23,1;1,4;25,3869;228,4821;1;1;1;0
240;S101;0;0;0;1;0;2;2;2;27;22,6;1,6;28,3856;766,4112;1;1;1;0
241;S79;0;0;0;0;0;2;2;3;11;14,3;1,9;21,32845;234,61295;0;1;1;0
242;S185;0;0;0;1;0;2;2;4;14;14,2;1,3;14,4911;202,8754;1;0;0;0
243;S107;0;0;0;1;0;2;2;2;22;25,1;1,9;37,43665;823,6063;1;1;0;0
244;S138;0;0;0;1;0;2;2;2;14;15,9;1;12,4815;174,741;1;0;0;0
245;S128;0;0;0;0;0;2;2;2;13;19,9;1;15,6215;203,0795;1;1;1;0
246;S249;0;0;0;0;0;2;2;1;11;12;0,9;8,478;93,258;1;1;0;1
247;S129;0;0;0;1;0;2;2;2;15;19,5;1,2;18,369;275,535;1;1;1;0
248;S272;0;0;0;0;0;2;2;1;14;17,6;1,9;26,2504;367,5056;1;0;0;0
249;S305;0;0;0;0;0;2;2;1;11;8,5;0,7;4,67075;51,37825;0;0;0;0
250;S68;0;0;0;0;0;2;2;3;10;12,4;1,3;12,6542;126,542;1;0;0;0
251;S133;0;0;0;0;0;2;2;2;10;18,8;1,8;26,5644;265,644;1;1;1;0
252;S288;0;0;0;0;0;2;2;1;16;14,6;1;11,461;183,376;1;1;0;0
253;S38;0;0;0;0;0;2;2;3;20;17;1,2;16,014;320,28;0;0;0;0
254;S266;0;0;0;0;0;2;2;1;8;11;1;8,635;69,08;1;1;0;0
255;S53;0;0;0;0;0;2;2;3;9;14,3;1,7;19,08335;171,75015;1;1;0;0
256;S137;NA;NA;NA;1;0;2;2;2;11;20,4;1,4;22,4196;246,6156;1;0;0;0
257;S34;0;0;0;0;0;2;2;3;11;15,8;1,9;23,5657;259,2227;0;1;1;0
258;S169;0;0;0;0;0;2;2;4;13;15,6;1,8;22,0428;286,5564;1;0;0;0
259;S298;0;0;0;0;0;2;2;1;13;12,2;1;9,577;124,501;1;1;1;0
260;S44;0;0;0;0;0;2;2;3;10;14,6;1,8;20,6298;206,298;1;1;0;0
261;S7;0;0;0;0;0;2;2;3;12;16,4;1,2;15,4488;185,3856;1;0;0;0
262;S194;0;0;0;0;0;2;2;4;11;17;1,2;16,014;176,154;1;1;0;0
263;S253;0;0;0;0;0;2;2;1;13;15,2;1,1;13,1252;170,6276;1;1;0;0
264;S210;0;0;0;0;0;2;2;4;11;11,4;0,6;5,3694;59,0634;1;0;0;0
265;S200;0;0;0;0;0;2;2;4;13;18,5;1,4;20,3315;264,3095;1;1;0;0
266;S264;0;0;1;0;0;2;2;1;21;13,2;1,8;18,6516;391,6836;1;1;0;1
267;S114;0;0;0;1;0;2;2;2;16;16,5;1,1;14,24775;227,964;0;1;0;1
268;S197;0;0;0;0;0;2;2;4;10;20,5;1,5;24,13875;241,3875;0;0;0;0
269;S112;0;0;0;1;0;2;2;2;14;20;1,9;29,83;417,62;1;1;0;0
270;S8;0;0;0;0;0;2;2;3;12;12,2;1,8;17,2386;206,8632;1;1;0;0
271;S64;0;0;0;0;0;2;2;3;8;15,7;1,8;22,1841;177,4728;1;0;0;0
272;S216;1;0;0;0;0;2;2;4;15;13,5;1,2;12,717;190,755;1;1;0;1
273;S262;1;0;0;0;0;2;2;1;10;16;1,9;23,864;238,64;1;0;0;0
274;S92;1;0;0;0;0;2;2;2;29;24,5;1,6;30,772;892,388;0;1;0;0
275;S109;0;0;0;1;0;2;2;2;33;24,3;1,6;30,5208;1007,1864;1;1;0;1
276;S5;0;0;0;0;0;2;2;3;15;15,5;1,4;17,0345;255,5175;1;1;0;0
277;S289;0;0;0;0;0;2;2;1;12;11;0,9;7,7715;93,258;1;0;0;0
278;S248;0;0;0;0;0;2;2;1;12;16,6;1,4;18,2434;218,9208;1;0;0;0
279;S168;0;0;0;0;0;2;2;4;7;9,8;1;7,693;53,851;1;0;0;0
280;S192;0;0;0;0;0;2;2;4;18;11;1,4;12,089;217,602;1;1;1;1
281;S309;0;0;0;0;0;2;2;1;9;11,2;1,2;10,5504;94,9536;1;0;0;0
282;S244;0;0;0;0;0;2;2;1;8;14,5;1,2;13,659;109,272;1;0;0;0
283;S93;0;0;0;1;0;2;2;2;16;23,5;1,3;23,98175;383,708;1;0;0;0
284;S115;0;0;0;0;0;2;2;2;9;19,9;1,4;21,8701;196,8309;1;0;0;0
285;S217;0;0;0;0;0;2;2;4;9;10,5;1;8,2425;74,1825;1;0;0;0
286;S6;0;0;0;0;0;2;2;3;9;15,5;1,4;17,0345;153,3105;1;0;0;0
287;S154;0;0;0;1;0;2;2;2;33;20,4;1;16,014;528,462;1;0;0;0
288;S108;NA;NA;NA;0;0;2;2;2;22;24;1,8;33,912;746,064;1;1;1;0
289;S21;0;0;0;0;0;2;2;3;10;18,8;1,5;22,137;221,37;1;0;0;0
290;S75;0;0;0;0;0;2;2;3;11;16;1,5;18,84;207,24;1;0;0;0
291;S189;0;0;0;0;0;2;2;4;6;8,7;0,9;6,14655;36,8793;0;0;0;0
292;S268;0;0;0;0;0;2;2;1;9;13,2;1,3;13,4706;121,2354;1;0;0;0
293;S223;0;0;0;0;0;2;2;4;20;11,6;1,1;10,0166;200,332;1;0;0;0
294;S224;0;0;0;0;0;2;2;4;27;11,4;1;8,949;241,623;1;0;0;0
295;S23;0;0;0;0;0;2;2;3;12;13,5;1,3;13,77675;165,321;1;1;0;0
296;S171;0;0;0;0;0;2;2;4;13;8,5;0,7;4,67075;60,71975;1;1;0;0
297;S175;1;0;0;0;0;2;2;4;10;12,4;1,3;12,6542;126,542;1;1;1;0
298;S105;1;0;0;0;0;4;2;2;10;23,8;1,8;33,6294;336,294;1;1;0;0
299;S45;1;0;0;0;0;4;2;3;14;12,1;0,8;7,5988;106,3832;1;1;0;0
300;S29;0;0;0;0;0;4;2;3;10;14,6;1;11,461;114,61;1;1;0;0
301;S86;0;0;0;0;0;4;2;2;20;23,7;1,4;26,0463;520,926;1;1;0;0
302;S63;0;0;0;0;0;4;2;3;11;14,6;1,5;17,1915;189,1065;1;1;0;1
303;S103;1;0;0;0;0;4;2;2;20;27,9;1,5;32,85225;657,045;1;0;0;0
304;S104;1;0;0;0;0;4;2;2;29;26;1,5;30,615;887,835;1;1;0;0
305;S1;0;0;0;0;0;4;2;3;8;16,2;1,4;17,8038;142,4304;0;1;1;1
306;S181;0;0;0;0;0;4;2;4;10;16,5;1,5;19,42875;194,2875;1;0;0;0
307;S102;0;0;1;1;0;4;2;2;18;24,2;1,3;24,6961;444,5298;1;1;1;0
308;S276;0;0;0;0;0;4;2;1;14;1,2;1,4;1,3188;18,4632;1;1;0;0
309;S66;0;0;0;0;0;4;2;3;NA;NA;NA;NA;NA;1;0;0;0
310;S230;0;0;0;0;0;4;2;4;20;7,7;0,4;2,4178;48,356;1;0;0;0
311;S42;0;0;0;0;0;4;2;3;9;12;1,1;10,362;93,258;1;0;0;0
312;S277;0;0;0;0;0;4;2;1;5;13,5;1;10,5975;52,9875;0;0;0;0
313;S49;0;0;0;0;0;4;2;3;NA;NA;NA;NA;NA;1;1;0;0
314;S156;1;0;0;1;0;4;2;2;16;21,6;1,1;18,6516;298,4256;1;1;1;0
315;S134;0;0;0;1;0;4;2;2;15;17,6;1,4;19,3424;290,136;1;0;0;0
316;S188;0;0;0;0;0;4;2;4;17;12,5;1,2;11,775;200,175;1;0;0;0
317;S233;0;0;0;0;0;4;2;4;11;12,2;0,9;8,6193;94,8123;1;0;0;0
318;S246;0;0;0;0;0;4;2;1;11;16,2;1,4;17,8038;195,8418;1;0;0;0
319;S213;0;0;0;0;0;4;2;4;14;14,2;1,4;15,6058;218,4812;1;0;0;0
320;S178;0;0;0;0;0;4;2;4;9;10,4;0,8;6,5312;58,7808;1;0;0;0
321;S196;1;0;0;0;0;4;2;4;17;10,5;1;8,2425;140,1225;1;1;0;0
322;S147;0;0;1;0;0;4;2;2;14;18,2;1,2;17,1444;240,0216;1;0;0;0
323;S58;1;0;0;0;0;4;2;3;9;15,6;1,6;19,5936;176,3424;1;0;0;0
324;S89;1;0;0;1;0;4;2;2;22;15,1;0,9;10,66815;234,6993;1;0;0;0
325;S315;0;0;0;0;0;4;2;1;8;17,2;1,1;14,8522;118,8176;0;1;0;0
326;S140;0;0;0;0;0;4;2;2;12;12,9;1;10,1265;121,518;1;0;0;0
327;S173;0;0;0;0;0;4;2;4;21;14;1,6;17,584;369,264;1;0;0;0
328;S8;0;0;0;0;0;2;1;3;12;12,2;1,8;17,2386;206,8632;1;0;0;0
329;S207;0;0;0;0;0;2;1;4;18;13;1,1;11,2255;202,059;1;0;0;0
330;S114;0;0;0;0;0;2;1;2;16;16,5;1,1;14,24775;227,964;0;1;0;1
331;S160;0;0;0;0;0;2;1;2;16;22,8;1;17,898;286,368;1;1;0;1
332;S309;1;0;0;0;0;2;1;1;9;11,2;1,2;10,5504;94,9536;1;0;0;0
333;S262;1;0;1;0;0;2;1;1;10;16;1,9;23,864;238,64;1;1;0;1
334;S7;1;0;1;0;0;2;1;3;12;16,4;1,2;15,4488;185,3856;1;0;0;0
335;S54;0;0;1;0;0;2;1;3;13;14,6;1,1;12,6071;163,8923;0;1;0;1
336;S282;0;0;1;0;0;2;1;1;13;11,1;0,9;7,84215;101,94795;0;0;0;0
337;S55;0;0;1;1;0;2;1;3;7;15,5;1,3;15,81775;110,72425;0;1;0;1
338;S189;1;0;1;0;0;2;1;4;6;8,7;0,9;6,14655;36,8793;0;0;0;0
339;S244;1;0;1;0;0;2;1;1;8;14,5;1,2;13,659;109,272;0;1;0;1
340;S298;1;0;1;0;0;2;1;1;13;12,2;1;9,577;124,501;1;1;0;1
341;S93;1;0;1;0;0;2;1;2;16;23,5;1,3;23,98175;383,708;1;0;0;0
342;S312;1;0;0;0;0;2;1;1;7;16,8;1,2;15,8256;110,7792;1;0;0;0
343;S75;0;0;1;0;0;2;1;3;11;16;1,5;18,84;207,24;1;1;0;1
344;S44;1;0;0;0;0;2;1;3;10;14,6;1,8;20,6298;206,298;1;0;0;0
345;S108;0;0;0;0;0;2;1;2;22;24;1,8;33,912;746,064;1;1;0;1
346;S128;0;0;0;1;0;2;1;2;13;19,9;1;15,6215;203,0795;1;0;0;0
347;S238;0;0;0;0;0;2;1;4;20;12,5;1,2;11,775;235,5;1;0;0;0
348;S171;0;1;0;0;0;2;1;4;13;8,5;0,7;4,67075;60,71975;1;0;0;0
349;S266;0;0;0;0;0;2;1;1;8;11;1;8,635;69,08;0;1;0;1
350;S137;0;0;0;0;0;2;1;2;11;20,4;1,4;22,4196;246,6156;1;1;0;1
351;S192;1;0;0;0;0;2;1;4;18;11;1,4;12,089;217,602;1;1;1;0
352;S217;0;0;0;1;0;2;1;4;9;10,5;1;8,2425;74,1825;0;0;0;0
353;S5;0;0;0;0;0;2;1;3;15;15,5;1,4;17,0345;255,5175;1;1;0;1
354;S129;1;0;0;1;0;2;1;2;15;19,5;1,2;18,369;275,535;1;1;0;1
355;S116;0;0;0;0;0;4;2;2;18;21,1;1,2;19,8762;357,7716;1;0;0;0
356;S167;0;0;0;0;0;4;2;4;11;14,9;1;11,6965;128,6615;1;0;0;0
357;S291;0;0;0;0;0;4;2;1;8;11,7;0,9;8,26605;66,1284;1;0;0;0
358;S149;NA;NA;NA;1;0;4;2;2;31;25,5;1,5;30,02625;930,81375;1;1;1;0
359;S135;0;0;0;0;0;4;2;2;10;20;1,3;20,41;204,1;1;0;0;0
360;S251;0;0;0;0;0;4;2;1;10;14,5;1,1;12,52075;125,2075;1;0;0;0
361;S123;0;0;0;0;0;4;2;2;13;21,6;1,3;22,0428;286,5564;1;1;1;0
362;S195;0;0;1;0;0;4;2;4;14;13,6;1,2;12,8112;179,3568;1;0;0;0
363;S227;0;0;0;0;0;4;2;4;20;14;1,1;12,089;241,78;1;0;0;0
364;S9;0;0;0;0;0;4;2;3;9;9,2;1,3;9,3886;84,4974;1;0;0;0
365;S263;1;0;0;0;0;4;2;1;9;18,4;1,5;21,666;194,994;1;1;1;0
366;S267;0;0;1;0;0;4;2;1;NA;NA;NA;NA;NA;1;0;0;0
367;S301;0;0;0;0;0;4;2;1;8;12,9;0,8;8,1012;64,8096;0;0;0;0
368;S13;0;0;1;0;0;4;2;3;8;13;1,1;11,2255;89,804;1;1;1;1
369;S121;0;0;0;1;1;4;2;2;17;20,2;1,2;19,0284;323,4828;1;0;0;0
370;S72;0;0;0;0;0;4;2;3;12;17,7;1,7;23,62065;283,4478;0;1;0;0
371;S118;1;0;0;0;0;4;2;2;11;15;1;11,775;129,525;1;0;0;0
372;S211;0;0;0;0;0;4;2;4;27;12,9;0,9;9,11385;246,07395;1;0;0;0
373;S30;0;0;0;0;0;4;2;3;16;12,5;1,2;11,775;188,4;1;1;0;1
374;S284;0;0;0;0;0;4;2;1;11;15,2;1,9;22,6708;249,3788;1;0;0;0
375;S280;0;0;0;0;0;4;2;1;13;14,5;0,8;9,106;118,378;1;0;0;0
376;S206;1;0;0;0;0;4;2;4;13;14,5;1,2;13,659;177,567;1;0;0;0
377;S148;1;0;0;1;0;4;2;2;28;22,2;1,2;20,9124;585,5472;1;0;0;0
378;S90;1;0;0;1;1;4;2;2;16;26,4;1,5;31,086;497,376;1;0;0;0
379;S182;0;0;0;0;0;4;2;4;13;14,2;1,3;14,4911;188,3843;1;0;0;0
380;S165;0;0;0;0;0;4;2;4;17;14,7;1,5;17,30925;294,25725;1;0;0;0
381;S62;0;0;0;0;0;4;2;3;21;15,1;1,9;22,52165;472,95465;1;1;0;0
382;S27;0;0;0;0;0;4;2;3;8;17,9;1;14,0515;112,412;1;1;0;1
383;S294;0;0;0;0;0;4;2;1;14;14,5;0,9;10,24425;143,4195;1;0;0;0
384;S259;0;0;0;0;0;4;2;1;15;15,9;1,2;14,9778;224,667;1;0;0;0
385;S285;0;0;0;0;0;4;2;1;NA;NA;NA;NA;NA;1;0;0;0
386;S88;0;0;0;1;0;4;2;2;9;24,5;1,5;28,84875;259,63875;1;0;0;0
387;S191;1;0;0;0;0;4;2;4;14;16,6;1,4;18,2434;255,4076;1;0;0;0
388;S303;0;0;0;0;0;4;2;1;NA;NA;NA;NA;NA;1;0;0;0
389;S279;0;0;0;0;0;4;2;1;26;14,1;1,3;14,38905;374,1153;1;1;0;0
390;S306;0;0;0;0;0;4;2;1;8;14,5;1,2;13,659;109,272;0;0;0;0
391;S10;0;0;0;0;0;4;2;3;9;19;2;29,83;268,47;1;1;0;0
392;S260;0;0;0;0;0;4;2;1;13;12,4;1;9,734;126,542;1;0;0;0
393;S236;0;0;0;0;0;4;2;4;17;12,4;1;9,734;165,478;1;1;0;0
394;S130;1;0;0;0;0;4;2;2;11;23,5;1;18,4475;202,9225;1;0;0;0
395;S201;1;0;0;0;0;4;2;4;NA;NA;NA;NA;NA;0;0;0;0
396;S20;0;0;0;0;0;4;2;3;9;14,7;1,4;16,1553;145,3977;1;1;1;0
397;S59;0;0;0;0;0;4;2;3;NA;NA;NA;NA;NA;1;1;0;0
398;S36;0;0;0;0;0;4;2;3;10;14,6;1,4;16,0454;160,454;1;1;0;0
399;S320;0;0;0;0;0;4;2;1;10;14,4;1,2;13,5648;135,648;1;0;0;0
400;S212;0;0;0;0;0;4;2;4;10;16,3;1,4;17,9137;179,137;1;0;0;0
401;S73;0;0;0;0;0;4;2;3;13;13,4;1,5;15,7785;205,1205;1;0;0;0
402;S297;0;0;0;0;0;4;2;1;NA;NA;NA;NA;NA;1;0;0;0
403;S229;0;0;0;0;0;4;2;4;18;11,1;1,3;11,32755;203,8959;1;1;0;0
404;S51;0;0;0;0;0;4;2;3;10;15,4;1,3;15,7157;157,157;1;1;1;0
405;S28;0;0;0;0;0;1;2;3;15;15,4;1;12,089;181,335;0;1;0;0
406;S47;1;0;0;0;0;1;2;3;9;18,7;1,4;20,5513;184,9617;1;1;0;0
407;S187;1;0;1;NA;NA;1;2;4;9;14;1,4;15,386;138,474;1;0;0;0
408;S139;1;0;0;1;0;1;2;2;18;19,8;1,5;23,3145;419,661;1;0;0;0
409;S316;0;0;0;NA;NA;1;2;1;24;14,3;1,3;14,59315;350,2356;1;0;0;0
410;S126;1;0;0;1;0;1;2;2;1,6;23;1,5;27,0825;43,332;1;0;0;0
411;S203;1;0;1;0;0;1;2;4;19;17,4;4,5;61,4655;1167,8445;1;1;0;0
412;S120;1;0;1;1;0;1;2;2;6;19;1,4;20,881;125,286;1;0;0;0
413;S225;0;0;0;0;0;1;2;4;14;12,4;1;9,734;136,276;0;0;0;0
414;S33;0;0;0;0;0;1;2;3;8;12,9;1,3;13,16445;105,3156;0;0;0;0
415;S157;1;0;0;0;0;1;2;2;11;27,9;1,8;39,4227;433,6497;1;0;0;0
416;S164;0;0;0;0;0;1;2;4;NA;NA;NA;NA;NA;0;0;0;0
417;S163;1;0;0;NA;NA;1;2;4;NA;NA;NA;NA;NA;1;0;0;0
418;S125;0;0;0;1;0;1;2;2;21;18,5;1,1;15,97475;335,46975;1;0;0;0
419;S311;0;0;0;0;0;1;2;1;8;11,5;1;9,0275;72,22;1;0;0;0
420;S245;0;0;0;0;0;1;2;1;14;12,6;1;9,891;138,474;0;0;0;0
421;S257;1;0;1;0;0;1;2;1;25;13,5;1,3;13,77675;344,41875;1;0;0;0
422;S31;1;0;0;0;0;1;2;3;10;13,1;1;10,2835;102,835;1;0;0;0
423;S162;0;0;0;0;0;1;2;4;15;16,5;1,5;19,42875;291,43125;0;0;0;0
424;S35;0;0;0;0;0;1;2;3;9;11;1,1;9,4985;85,4865;1;0;0;0
425;S32;1;0;0;0;0;1;2;3;9;16,7;1,1;14,42045;129,78405;0;0;0;0
426;S300;0;0;0;0;0;1;2;1;6;8,8;0,9;6,2172;37,3032;0;0;0;0
427;S281;0;0;0;0;0;1;2;1;7;8,6;0,9;6,0759;42,5313;0;0;0;0
428;S265;0;0;0;0;0;1;2;1;9;15;1;11,775;105,975;1;0;0;0
429;S141;0;0;0;1;0;1;2;2;8;21,1;1,3;21,53255;172,2604;0;0;0;0
430;S239;0;0;0;0;0;1;2;4;13;9,2;0,7;5,0554;65,7202;0;0;0;0
431;S155;1;0;0;1;0;1;2;2;14;20;1,2;18,84;263,76;1;0;0;0
432;S136;1;0;0;1;0;1;2;2;13;22;1,6;27,632;359,216;1;0;0;0
433;S221;0;0;0;0;0;1;2;4;16;12,1;0,9;8,54865;136,7784;1;0;0;0
434;S25;0;0;0;0;0;1;2;3;15;14,9;1,4;16,3751;245,6265;1;1;0;0
435;S270;0;0;0;0;0;1;2;1;16;15,2;0,8;9,5456;152,7296;1;0;0;0
436;S188;1;0;0;0;0;4;2;4;16;17;1,2;16,014;256,224;0;0;0;0
437;S48;0;0;0;0;0;1;2;3;8;16,8;1,5;19,782;158,256;1;0;0;0
438;S310;1;0;0;0;0;1;2;1;9;16,4;1,2;15,4488;139,0392;0;0;0;0
439;S180;0;0;0;0;1;1;2;4;13;9,2;0,8;5,7776;75,1088;0;0;0;0
440;S117;0;0;0;0;0;1;2;2;12;22,9;1,3;23,36945;280,4334;1;0;0;0
441;S14;0;0;0;0;0;1;2;3;8;15,9;1,1;13,72965;109,8372;1;0;0;0
442;S190;0;0;0;0;0;1;2;4;11;12,6;0,9;8,9019;97,9209;0;0;0;0
443;S81;0;0;0;0;0;1;2;2;21;25,2;1,2;23,7384;498,5064;1;0;0;0
444;S220;0;0;0;NA;NA;1;2;4;9;12;1;9,42;84,78;1;0;0;0
445;S317;0;0;0;0;0;1;2;1;11;14,5;1,4;15,9355;175,2905;0;0;0;0
446;S258;0;0;0;0;0;1;2;1;12;10,4;0,8;6,5312;78,3744;1;0;0;0
447;S161;0;0;0;NA;NA;1;2;4;16;17,3;1,4;19,0127;304,2032;1;0;0;0
448;S106;0;0;0;0;0;1;2;2;19;21;1,3;21,4305;407,1795;1;0;0;0
449;S222;0;0;0;0;0;1;2;4;12;10,2;0,6;4,8042;57,6504;1;0;0;0
450;S296;0;0;0;NA;NA;1;2;1;9;13,7;1,2;12,9054;116,1486;1;0;0;0
451;S250;0;0;0;0;0;1;2;1;9;13,8;1,1;11,9163;107,2467;0;0;0;0
452;S26;0;0;0;0;0;1;2;3;14;14,4;1,4;15,8256;221,5584;1;0;0;0
453;S95;1;0;0;1;1;1;2;2;17;27;1,6;33,912;576,504;1;0;0;0
454;S67;0;0;1;0;0;1;2;3;10;18;1,3;18,369;183,69;1;0;0;0
455;S254;0;0;0;NA;NA;1;2;1;9;16,9;1,4;18,5731;167,1579;1;1;0;0
456;S295;0;0;0;0;0;1;2;1;8;14,9;1;11,6965;93,572;1;0;0;0
457;S204;0;0;0;0;0;1;2;4;8;15,5;1,3;15,81775;126,542;1;0;0;0
458;S122;0;0;0;0;0;1;2;2;12;22,5;1,3;22,96125;275,535;1;0;0;0
459;S11;0;0;0;0;0;1;2;3;9;15,6;1;12,246;110,214;0;0;0;0
460;S256;0;0;0;0;0;1;2;1;21;14,9;1;11,6965;245,6265;0;0;0;0
461;S218;1;1;0;NA;NA;1;2;4;19;14;1,1;12,089;229,691;1;0;0;0
462;S74;0;0;0;0;0;1;2;3;8;15,2;1,6;19,0912;152,7296;0;1;0;0
463;S78;0;0;0;0;0;1;2;3;15;15,4;1,5;18,1335;272,0025;1;1;0;0
464;S152;1;0;1;1;0;1;2;2;13;17,5;1;13,7375;178,5875;1;0;0;0
465;S46;0;0;0;0;0;1;2;3;9;19,4;1,3;19,7977;178,1793;1;0;0;0
466;S94;0;0;1;1;0;1;2;2;15;25,9;1,3;26,43095;396,46425;1;0;0;0
467;S50;0;0;0;0;0;1;2;3;7;15,4;1,6;19,3424;135,3968;0;1;0;0
468;S299;0;0;0;NA;NA;1;2;1;13;11,5;0,6;5,4165;70,4145;0;0;0;0
469;S12;0;0;0;0;0;1;2;3;11;13,8;1,5;16,2495;178,7445;0;1;0;0
470;S226;0;0;0;NA;NA;1;2;4;17;12,3;0,8;7,7244;131,3148;1;0;0;0
471;S100;0;0;1;NA;NA;1;2;2;9;20,4;1,1;17,6154;158,5386;1;0;0;0
472;S80;0;0;0;0;0;1;2;3;16;11,4;1,8;16,1082;257,7312;1;0;0;0
473;S151;0;0;1;NA;NA;1;2;2;7;18;1,3;18,369;128,583;1;0;0;0
474;S110;0;0;0;1;0;1;2;2;8;18,3;0,9;12,92895;103,4316;1;0;0;0
475;S202;0;0;0;NA;NA;1;2;4;12;17,7;1,1;15,28395;183,4074;1;0;0;0
476;S278;0;0;0;0;0;1;2;1;15;11,2;0,9;7,9128;118,692;1;0;0;0
477;S219;0;0;0;0;0;1;2;4;21;11,6;0,9;8,1954;172,1034;1;1;0;0
478;S71;0;0;0;0;0;1;2;3;9;18,6;1,7;24,8217;223,3953;1;0;0;0
479;S131;0;0;0;1;0;1;2;2;4;6,9;0,5;2,70825;10,833;0;0;0;0
480;S15;0;0;0;NA;NA;1;2;3;12;15,2;1,2;14,3184;171,8208;0;1;0;0
481;S255;0;0;0;0;0;1;2;1;13;15;1,3;15,3075;198,9975;0;1;0;1
482;S205;0;0;0;0;0;1;2;4;7;8,8;0,6;4,1448;29,0136;0;0;0;0
483;S290;0;0;0;NA;NA;1;2;1;8;14,5;0,8;9,106;72,848;0;0;0;0
484;S145;0;0;0;1;0;1;2;2;17;19,6;1;15,386;261,562;1;0;0;0
485;S290;0;0;0;0;0;1;1;1;8;14,5;0,8;9,106;72,848;1;0;0;0
486;S186;0;0;0;0;0;1;1;4;9;14;1,4;15,386;138,474;1;0;0;0
487;S202;1;0;0;0;0;1;1;4;12;17,7;1,1;15,28395;183,4074;1;0;0;0
488;S26;0;0;0;0;0;1;1;3;14;14,4;1,4;15,8256;221,5584;0;0;0;0
489;S106;0;0;0;1;0;1;1;2;19;21;1,3;21,4305;407,1795;1;0;0;0
490;S152;0;0;0;0;0;1;1;2;13;17,5;1;13,7375;178,5875;1;0;0;0
491;S219;0;0;0;0;0;1;1;4;21;11,6;0,9;8,1954;172,1034;1;0;0;0
492;S141;0;0;0;0;0;1;1;2;8;21,1;1,3;21,53255;172,2604;1;0;0;0
493;S131;0;0;0;1;0;1;1;2;4;6,9;0,5;2,70825;10,833;0;0;0;0
494;S25;0;0;0;0;0;1;1;3;15;14,9;1,4;16,3751;245,6265;1;0;0;0
495;S281;0;0;0;0;0;1;1;1;7;8,6;0,9;6,0759;42,5313;0;0;0;0
496;S265;0;0;0;0;0;1;1;1;9;15;1;11,775;105,975;1;0;0;0
497;S204;0;0;0;0;0;1;1;4;8;15,5;1,3;15,81775;126,542;1;0;0;0
498;S254;1;0;0;0;0;1;1;1;9;16,9;1,4;18,5731;167,1579;1;0;0;0
499;S190;0;0;0;0;0;1;1;4;11;12,6;0,9;8,9019;97,9209;1;0;0;0
500;S278;1;0;0;0;0;1;1;1;15;11,2;0,9;7,9128;118,692;1;0;0;0
501;S15;0;0;0;0;0;1;1;3;12;15,2;1,2;14,3184;171,8208;1;0;0;0
502;S221;0;0;0;0;0;1;1;4;16;12,1;0,9;8,54865;136,7784;1;0;0;0
503;S50;0;0;0;0;0;1;1;3;7;15,4;1,6;19,3424;135,3968;0;0;0;0
504;S110;0;0;0;1;0;1;1;2;8;18,3;0,9;12,92895;103,4316;1;0;0;0
505;S239;0;0;0;0;0;1;1;4;13;9,2;0,7;5,0554;65,7202;1;1;1;0
506;S316;0;0;0;0;0;1;1;1;24;14,3;1,3;14,59315;350,2356;0;0;0;0
507;S46;0;0;1;0;0;1;1;3;9;19,4;1,3;19,7977;178,1793;1;0;0;0
508;S28;0;0;0;1;0;1;1;3;15;15,4;1;12,089;181,335;1;0;0;0
510;S230;0;0;0;0;0;4;1;4;20;7,7;0,4;2,4178;48,356;1;0;0;0
511;S100;0;0;0;0;0;1;1;2;9;20,4;1,1;17,6154;158,5386;1;0;0;0
512;S11;0;0;0;0;0;1;1;3;9;15,6;1;12,246;110,214;1;1;0;0
513;S295;0;0;1;0;0;1;1;1;8;14,9;1;11,6965;93,572;1;0;0;0
514;S294;0;0;0;0;0;4;1;1;14;14,5;0,9;10,24425;143,4195;1;0;0;0
515;S1;0;0;0;0;0;4;1;3;8;16,2;1,4;17,8038;142,4304;1;0;0;0
516;S72;0;0;0;0;0;4;1;3;12;17,7;1,7;23,62065;283,4478;1;0;0;0
517;S257;0;0;0;0;0;1;1;1;25;13,5;1,3;13,77675;344,41875;0;0;0;0
518;S277;0;0;0;0;0;4;1;1;5;13,5;1;10,5975;52,9875;0;0;0;0
519;S67;0;0;0;0;0;1;1;3;10;18;1,3;18,369;183,69;1;1;0;1
520;S13;0;0;0;1;0;4;1;3;8;13;1,1;11,2255;89,804;1;0;0;0
521;S205;0;0;1;0;0;1;1;4;7;8,8;0,6;4,1448;29,0136;0;0;0;0
522;S251;0;0;1;0;0;4;1;1;10;14,5;1,1;12,52075;125,2075;1;0;0;0
523;S296;1;0;0;0;0;1;1;1;9;13,7;1,2;12,9054;116,1486;1;1;0;0
524;S245;0;0;1;0;0;1;1;1;14;12,6;1;9,891;138,474;1;0;0;0
525;S90;0;0;1;1;0;4;1;2;16;26,4;1,5;31,086;497,376;1;0;0;0
526;S178;0;0;0;0;0;4;1;4;9;10,4;0,8;6,5312;58,7808;1;0;0;0
527;S297;0;0;0;0;0;4;1;1;NA;NA;NA;NA;NA;1;0;0;0
528;S135;0;0;1;0;0;4;1;2;10;20;1,3;20,41;204,1;1;0;0;0
529;S116;0;0;0;1;0;4;1;2;18;21,1;1,2;19,8762;357,7716;1;0;0;0
530;S74;0;0;0;0;0;1;1;3;8;15,2;1,6;19,0912;152,7296;1;0;0;0
531;S121;0;0;0;1;0;4;1;2;17;20,2;1,2;19,0284;323,4828;1;1;1;0
532;S164;0;0;0;0;0;1;1;4;NA;NA;NA;NA;NA;1;0;0;0
533;S181;0;0;1;0;0;4;1;4;10;16,5;1,5;19,42875;194,2875;1;0;0;0
534;S126;1;0;0;1;0;1;1;2;1,6;23;1,5;27,0825;43,332;1;0;0;0
535;S10;1;0;1;0;0;4;1;3;9;19;2;29,83;268,47;1;0;0;0
536;S122;0;0;1;1;1;1;1;2;12;22,5;1,3;22,96125;275,535;1;0;0;0
537;S212;1;0;1;0;0;4;1;4;10;16,3;1,4;17,9137;179,137;1;1;1;0
538;S188;0;0;0;0;0;4;1;4;17;12,5;1,2;11,775;200,175;1;0;0;0
539;S147;1;0;0;1;0;4;1;2;14;18,2;1,2;17,1444;240,0216;1;1;0;1
540;S35;1;0;0;0;0;1;1;3;9;11;1,1;9,4985;85,4865;0;0;0;0
541;S218;1;0;0;0;0;1;1;4;19;14;1,1;12,089;229,691;1;0;0;0
542;S226;0;0;0;0;0;1;1;4;17;12,3;0,8;7,7244;131,3148;1;1;1;0
543;S120;1;0;0;1;0;1;1;2;6;19;1,4;20,881;125,286;1;0;0;0
544;S58;1;0;0;0;0;4;1;3;9;15,6;1,6;19,5936;176,3424;1;1;0;1
545;S180;0;0;1;0;0;1;1;4;13;9,2;0,8;5,7776;75,1088;1;0;0;0
547;S256;1;0;1;0;0;1;1;1;21;14,9;1;11,6965;245,6265;1;0;0;0
548;S227;0;0;1;0;0;4;1;4;20;14;1,1;12,089;241,78;1;0;0;0
549;S11;1;0;0;0;0;1;1;3;9;15,6;1;12,246;110,214;1;1;0;0
551;S310;0;0;0;0;0;1;1;1;9;16,4;1,2;15,4488;139,0392;1;0;0;0
552;S187;0;0;1;0;0;1;1;4;16;17;1,2;16,014;256,224;1;0;0;0
553;S151;0;0;0;0;0;1;1;2;7;18;1,3;18,369;128,583;1;0;0;0
554;S145;0;0;0;1;0;1;1;2;17;19,6;1;15,386;261,562;1;1;0;1
555;S95;0;0;0;1;0;1;1;2;17;27;1,6;33,912;576,504;1;0;0;0
556;S191;0;0;0;0;0;4;1;4;14;16,6;1,4;18,2434;255,4076;1;0;0;0
557;S89;0;0;0;0;0;4;1;2;22;15,1;0,9;10,66815;234,6993;1;0;0;0
558;S51;0;0;0;0;0;4;1;3;10;15,4;1,3;15,7157;157,157;1;0;0;0
559;S245;1;0;0;0;0;4;1;1;NA;NA;NA;NA;NA;0;0;0;0
560;S300;0;0;0;0;0;1;1;1;6;8,8;0,9;6,2172;37,3032;0;0;0;0
563;S162;1;0;0;1;0;1;1;4;15;16,5;1,5;19,42875;291,43125;1;0;0;0
564;S299;1;0;0;0;0;1;1;1;13;11,5;0,6;5,4165;70,4145;0;1;0;0
565;S155;0;0;0;1;0;1;1;2;14;20;1,2;18,84;263,76;1;0;0;0
566;S123;0;0;0;0;0;4;1;2;13;21,6;1,3;22,0428;286,5564;1;0;0;0
567;S317;0;0;0;0;0;1;1;1;11;14,5;1,4;15,9355;175,2905;0;0;0;0
568;S320;1;0;0;0;0;4;1;1;10;14,4;1,2;13,5648;135,648;1;0;0;0
569;S182;0;0;0;0;0;4;1;4;13;14,2;1,3;14,4911;188,3843;1;1;1;0
570;S42;0;0;0;0;0;4;1;3;9;12;1,1;10,362;93,258;1;1;0;1
571;S276;0;0;0;0;0;4;1;1;14;1,2;1,4;1,3188;18,4632;1;0;0;0
572;S225;1;0;0;0;0;1;1;4;14;12,4;1;9,734;136,276;1;0;0;0
573;S14;0;0;0;0;0;1;1;3;8;15,9;1,1;13,72965;109,8372;1;1;0;0
574;S250;1;0;0;0;0;1;1;1;9;13,8;1,1;11,9163;107,2467;1;0;0;0
575;S125;0;0;0;0;0;1;1;2;21;18,5;1,1;15,97475;335,46975;1;0;0;0
577;S31;1;0;0;0;0;1;1;3;10;13,1;1;10,2835;102,835;1;0;0;0
578;S32;0;0;0;0;0;1;1;3;9;16,7;1,1;14,42045;129,78405;1;0;0;0
579;S203;1;0;0;0;0;1;1;4;19;17,4;4,5;61,4655;1167,8445;1;0;0;0
580;S157;0;0;0;0;0;1;1;2;11;27,9;1,8;39,4227;433,6497;1;0;0;0
581;S102;0;0;0;1;0;4;1;2;18;24,2;1,3;24,6961;444,5298;1;0;0;0
582;S306;0;0;0;0;0;4;1;1;8;14,5;1,2;13,659;109,272;1;0;0;0
583;S36;0;0;0;0;0;4;1;3;10;14,6;1,4;16,0454;160,454;1;0;0;0
584;S315;0;0;1;0;0;4;1;1;8;17,2;1,1;14,8522;118,8176;1;0;0;0
585;S139;1;0;1;1;0;1;1;2;18;19,8;1,5;23,3145;419,661;1;0;0;0
586;S284;1;0;0;0;0;4;1;1;11;15,2;1,9;22,6708;249,3788;0;0;0;0
587;S163;1;0;0;0;0;1;1;4;NA;NA;NA;NA;NA;1;0;0;0
588;S48;0;0;1;0;0;1;1;3;8;16,8;1,5;19,782;158,256;1;1;0;1
589;S80;0;0;0;0;0;1;1;3;16;11,4;1,8;16,1082;257,7312;1;0;0;0
590;S258;0;0;0;0;0;1;1;1;12;10,4;0,8;6,5312;78,3744;1;0;0;0
591;S94;0;0;0;1;1;1;1;2;15;25,9;1,3;26,43095;396,46425;1;0;0;0
592;S220;0;0;0;0;0;1;1;4;9;12;1;9,42;84,78;1;1;1;0
593;S156;0;0;0;1;0;4;1;2;16;21,6;1,1;18,6516;298,4256;1;0;0;0
594;S136;1;0;0;1;0;1;1;2;13;22;1,6;27,632;359,216;1;0;0;0
595;S81;0;0;0;0;0;1;1;2;21;25,2;1,2;23,7384;498,5064;1;0;0;0
596;S161;0;0;0;0;0;1;1;4;16;17,3;1,4;19,0127;304,2032;1;0;0;0
597;S255;0;0;0;0;0;1;1;1;13;15;1,3;15,3075;198,9975;1;0;0;0
598;S270;0;0;0;0;0;1;1;1;16;15,2;0,8;9,5456;152,7296;1;0;0;0
599;S78;0;0;0;0;0;1;1;3;15;15,4;1,5;18,1335;272,0025;1;0;0;0
600;S71;0;0;0;0;0;1;1;3;9;18,6;1,7;24,8217;223,3953;1;0;0;0
601;S311;0;0;0;0;0;1;1;1;8;11,5;1;9,0275;72,22;0;0;0;0
602;S222;0;0;1;0;0;1;1;4;12;10,2;0,6;4,8042;57,6504;0;0;0;0
603;S149;0;0;0;1;0;4;1;2;31;25,5;1,5;30,02625;930,81375;1;0;0;0
605;S285;0;0;0;0;0;4;1;1;NA;NA;NA;NA;NA;1;1;0;1
606;S117;0;0;0;1;0;1;1;2;12;22,9;1,3;23,36945;280,4334;1;0;0;0
607;S195;0;0;0;0;0;4;1;4;14;13,6;1,2;12,8112;179,3568;1;0;0;0
608;S88;0;0;0;0;0;4;1;2;9;24,5;1,5;28,84875;259,63875;1;0;0;0
609;S206;0;0;0;0;0;4;1;4;13;14,5;1,2;13,659;177,567;1;0;0;0
610;S105;0;0;0;1;0;4;1;2;10;23,8;1,8;33,6294;336,294;1;0;0;0
611;S165;0;0;0;0;0;4;1;4;17;14,7;1,5;17,30925;294,25725;1;0;0;0
612;S62;0;0;0;0;0;4;1;3;21;15,1;1,9;22,52165;472,95465;1;0;0;0
613;S30;0;0;0;0;0;4;1;3;16;12,5;1,2;11,775;188,4;1;0;0;0
614;S29;0;0;0;0;0;4;1;3;10;14,6;1;11,461;114,61;1;0;0;0
615;S229;0;0;0;0;0;4;1;4;18;11,1;1,3;11,32755;203,8959;1;0;0;0
616;S59;0;0;0;0;0;4;1;3;NA;NA;NA;NA;NA;1;0;0;0
617;S140;0;0;0;1;0;4;1;2;12;12,9;1;10,1265;121,518;1;0;0;0
618;S73;0;0;0;0;0;4;1;3;13;13,4;1,5;15,7785;205,1205;1;0;0;0
619;S196;0;0;0;0;0;4;1;4;17;10,5;1;8,2425;140,1225;1;1;0;1
620;S263;0;0;0;0;0;4;1;1;9;18,4;1,5;21,666;194,994;1;1;0;1
621;S246;0;0;0;0;0;4;1;1;11;16,2;1,4;17,8038;195,8418;1;0;0;0
622;S103;0;0;0;1;0;4;1;2;20;27,9;1,5;32,85225;657,045;1;0;0;0
623;S173;0;0;0;0;0;4;1;4;21;14;1,6;17,584;369,264;1;0;0;0
624;S280;0;0;0;0;0;4;1;1;13;14,5;0,8;9,106;118,378;1;0;0;0
625;S279;0;0;0;0;0;4;1;1;26;14,1;1,3;14,38905;374,1153;1;0;0;0
626;S63;0;0;0;0;0;4;1;3;11;14,6;1,5;17,1915;189,1065;1;0;0;0
627;S27;0;0;0;0;0;4;1;3;8;17,9;1;14,0515;112,412;1;0;0;0
628;S20;0;0;0;0;0;4;1;3;9;14,7;1,4;16,1553;145,3977;1;1;0;1
629;S66;0;0;0;0;0;4;1;3;NA;NA;NA;NA;NA;1;0;0;0
630;S267;0;0;0;0;0;4;1;1;NA;NA;NA;NA;NA;1;0;0;0
631;S233;1;0;0;0;0;4;1;4;11;12,2;0,9;8,6193;94,8123;1;1;1;0
632;S49;1;0;0;0;0;4;1;3;NA;NA;NA;NA;NA;1;0;0;0
633;S236;1;0;0;0;0;4;1;4;17;12,4;1;9,734;165,478;1;0;0;0
634;S259;1;0;1;0;0;4;1;1;15;15,9;1,2;14,9778;224,667;1;0;0;0
635;S303;1;0;1;0;0;4;1;1;NA;NA;NA;NA;NA;0;0;0;0
637;S148;0;0;1;1;0;4;1;2;28;22,2;1,2;20,9124;585,5472;1;0;0;0
638;S167;1;0;1;0;0;4;1;4;11;14,9;1;11,6965;128,6615;1;0;0;0
639;S201;1;0;1;0;0;4;1;4;NA;NA;NA;NA;NA;1;0;0;0
640;S9;1;0;0;0;0;4;1;3;9;9,2;1,3;9,3886;84,4974;0;0;0;0
641;S211;0;0;0;0;0;4;1;4;27;12,9;0,9;9,11385;246,07395;1;0;0;0
642;S301;1;0;0;0;0;4;1;1;8;12,9;0,8;8,1012;64,8096;0;0;0;0
643;S213;0;0;1;0;0;4;1;4;14;14,2;1,4;15,6058;218,4812;1;0;0;0
644;S45;0;0;0;0;0;4;1;3;14;12,1;0,8;7,5988;106,3832;1;0;0;0
645;S104;0;0;1;1;0;4;1;2;29;26;1,5;30,615;887,835;1;0;0;0
1000;S47;NA;NA;NA;0;0;1;1;3;9;18,7;1,4;20,5513;184,9617;1;0;0;0
1001;S238;NA;NA;NA;0;0;2;2;4;20;12,5;1,2;11,775;235,5;1;0;0;0
1002;S55;NA;NA;NA;0;0;2;2;3;7;15,5;1,3;15,81775;110,72425;1;0;0;0
1003;S130;NA;NA;NA;0;0;4;1;2;11;23,5;1;18,4475;202,9225;1;1;0;0
1004;S134;NA;NA;NA;1;0;4;1;2;15;17,6;1,4;19,3424;290,136;0;1;0;1
1005;S12;NA;NA;NA;0;0;1;1;3;11;13,8;1,5;16,2495;178,7445;1;0;0;0
1007;S287;NA;NA;NA;0;0;3;2;1;13;1,6;1,1;1,3816;17,9608;1;1;0;0
1008;S260;NA;NA;NA;0;0;4;1;1;13;12,4;1;9,734;126,542;1;0;0;0
1009;S291;NA;NA;NA;0;0;4;1;1;8;11,7;0,9;8,26605;66,1284;0;1;0;0
1010;S86;NA;NA;NA;1;0;4;1;2;20;23,7;1,4;26,0463;520,926;1;0;0;0
1011;S240;NA;NA;NA;0;0;3;2;4;18;11,1;0,7;6,09945;109,7901;1;1;0;0
